<?xml version="1.0" encoding="UTF-8"?>
<!--
The example below is extracted from https://github.com/dapreco/daprecokb/blob/master/gdpr/rioKB_GDPR.xml. It formalizes the following articles of the GDPR (available at https://eur-lex.europa.eu/eli/reg/2016/679/oj) in reified I/O logic (see https://academic.oup.com/logcom/article-abstract/27/8/2471/3098296 and https://orbilu.uni.lu/handle/10993/31378):

- Article 5, paragraph 1, point (a): "Personal data shall be: (a) processed lawfully, fairly and in a transparent manner in relation to the data
subject (\lawfulness, fairness and transparency")"

- Article 6, paragraph 1, point (a): "Processing shall be lawful only if and to the extent that at least one of the following applies: (a) the data subject has given consent to the processing of his or her personal data for one or more specific purposes;"

- Article 8, paragraph 1: "Where point (a) of Article 6(1) applies, in relation to the offer of information society services directly to a child, the processing of the personal data of a child shall be lawful where the child is at least 16 years old. Where the child is below the age of 16 years, such processing shall be lawful only if and to the extent that consent is given or authorised by the holder of parental responsibility over the child. Member States may provide by law for a lower age for those purposes provided that such lower age is not below 13 years."

Article 5, paragraph 1, is formalized via an obligation (statements1Formula1);
Article 6, paragraph 1, point (a), is formalized via a constitutive rule (statements7Formula1)
Article 8, paragraph 1, is formalized via three constitutive rules (statements17Formula1, statements17Formula2, and statements17Formula3)

- statements1Formula1 reads "the controller is obliged to implement measures that cause the lawfulness, the fairness, and the transparency of the processing of personal data"  
- statements7Formula1 reads "if the data subject has given consent to the processing, then the processing is lawful". 
- statements17Formula1 reads "The minimal age for giving consent is 16, unless there is a specific exception within the Member State (Member States are allowed to lower the minimal age for giving consent to the data processing, but not lower than 13."
- statements17Formula2 reads "if the age of the data subject is below the minimal age for giving consent, then the rule in statements7Formula1 is not valid"
- statements17Formula3 reads "if the age of the data subject is below the minimal age for giving consent and the holder of his parental responsibility has given consent to the processing, then the processing is lawful". 

The example is taken from section 4.2 of the paper:

[Robaldo et al., 2019a] Robaldo, L. and Bartolini, C. and Palmirani, M. and Rossi, A. and Martoni, M. and Lenzini, G.: Formalizing GDPR provisions in reified I/O logic: the DAPRECO knowledge base, The Journal of Logic, Language, and Information (to appear). 

Available at: https://link.springer.com/article/10.1007/s10849-019-09309-z 

-->
<lrml:LegalRuleML xmlns:lrml="http://docs.oasis-open.org/legalruleml/ns/v1.0/" xmlns:swrlb="http://www.w3.org/2003/11/swrlb" xmlns:xsi="http://www.w3.org/2001/XMLSchema-instance" xmlns:xs="http://www.w3.org/2001/XMLSchema" xmlns:ruleml="http://ruleml.org/spec" xsi:schemaLocation="http://docs.oasis-open.org/legalruleml/ns/v1.0/lrml-compact.xsd">
  <lrml:Prefix pre="GDPR" refID="/akn/eu/act/regulation/2018-05-25/eng@2018-05-25/!main#" />
  <lrml:Prefix pre="rioOnto" refID="http://www.liviorobaldo.com/rioOnto#" />
  <lrml:Prefix pre="dapreco" refID="http://www.liviorobaldo.com/dapreco#" />
  <lrml:Prefix pre="prOnto" refID="https://w3id.org/ontology/pronto#" />
  <lrml:LegalReferences type="legislative">
    <lrml:LegalReference refersTo="gdprC2A5P1p1ref" refID="GDPR:art_5__para_1__content__list_1__point_a" />
	<lrml:LegalReference refersTo="gdprC2A6P1p1ref" refID="GDPR:art_6__para_1__content__list_1__point_a" />
    <lrml:LegalReference refersTo="gdprC2A8P1ref" refID="GDPR:art_8__para_1" />
  </lrml:LegalReferences>
  <lrml:Associations>
    <lrml:Association>
      <lrml:appliesSource keyref="#gdprC2A5P1p1ref" />
      <lrml:toTarget keyref="#statements1" />
    </lrml:Association>
    <lrml:Association>
      <lrml:appliesSource keyref="#gdprC2A6P1p1ref" />
      <lrml:toTarget keyref="#statements7" />
    </lrml:Association>
    <lrml:Association>
      <lrml:appliesSource keyref="#gdprC2A8P1ref" />
      <lrml:toTarget keyref="#statements17" />
    </lrml:Association>
	<!-- reified I/O logic is grounded on a massive use of reification. Reification allows to associate predications such as "(give a b c)", 
		 saying that a gives b to c, with equivalent predications "(give' e a b c)", saying that e is a giving event by a of b to c. 
		 You can find more explanation about this mechanism at https://www.isi.edu/~hobbs/bgt-evstruct.text or in this book:
		 https://www.cambridge.org/core/books/formal-theory-of-commonsense-psychology/20289940AFB026AB3EF31EBCF8875628
		 
		 The LegalRuleML tag "lrml:appliesModality" is used to mark the reified predications, i.e., those obtained by applying the ' operator to 
		 another non-reified predicate. -->
    <lrml:Association>
      <lrml:appliesModality iri="#rioOnto:reification" />
      <lrml:toTarget keyref="#A1" />
      <lrml:toTarget keyref="#A2" />
      <lrml:toTarget keyref="#A3" />
      <lrml:toTarget keyref="#A4" />
      <lrml:toTarget keyref="#A5" />
      <lrml:toTarget keyref="#A6" />
      <lrml:toTarget keyref="#A7" />
      <lrml:toTarget keyref="#A8" />
      <lrml:toTarget keyref="#A9" />
      <lrml:toTarget keyref="#A10" />
      <lrml:toTarget keyref="#A11" />
      <lrml:toTarget keyref="#A12" />
      <lrml:toTarget keyref="#A160" />
      <lrml:toTarget keyref="#A161" />
      <lrml:toTarget keyref="#A162" />
      <lrml:toTarget keyref="#A163" />
      <lrml:toTarget keyref="#A164" />
      <lrml:toTarget keyref="#A318" />
      <lrml:toTarget keyref="#A319" />
      <lrml:toTarget keyref="#A320" />
      <lrml:toTarget keyref="#A321" />
      <lrml:toTarget keyref="#A322" />
      <lrml:toTarget keyref="#A323" />
      <lrml:toTarget keyref="#A324" />
      <lrml:toTarget keyref="#A325" />
      <lrml:toTarget keyref="#A7337" />
      <lrml:toTarget keyref="#A7343" />
      <lrml:toTarget keyref="#A7375" />
      <lrml:toTarget keyref="#A7449" />
    </lrml:Association>
  </lrml:Associations>
  <!-- reified I/O logic formulae are if-then rules without deontic operators. In I/O logics, deontic inferences are implemented in a meta-level 
	   (see, e.g., "[Makinson and van der Torre, 2000] D. Makinson, L. van der Torre. Input/Output Logics. Journal of Philosophical Logic, vol. 29, 2000). However, we must distinguish which if-then rules refer to obligations, permissions, and constitutive rules. This is implemented via
	   the LegalRuleML tag "lrml:Context" --> 
  <lrml:Context key="context_1" type="rioOnto:obligationRule">
    <lrml:inScope keyref="#statements1Formula1" />
  </lrml:Context>
  <lrml:Context key="context_3" type="rioOnto:constitutiveRule">
    <lrml:inScope keyref="#statements7Formula1" />
	<lrml:inScope keyref="#statements17Formula1" />
	<lrml:inScope keyref="#statements17Formula2" />
	<lrml:inScope keyref="#statements17Formula3" />
  </lrml:Context>
  <lrml:Context key="context_4" type="rioOnto:constitutiveRule4MappingWithPrOnto">
    <lrml:inScope keyref="#statements276Formula7" />
    <lrml:inScope keyref="#statements276Formula14" />
    <lrml:inScope keyref="#statements276Formula40" />
    <lrml:inScope keyref="#statements276Formula108" />
    <lrml:inScope keyref="#statements276Formula117" />
  </lrml:Context>	
  <lrml:Statements key="statements1">
    <lrml:ConstitutiveStatement key="statements1Formula1">
      <!--
Obligation:
(
	(rioOnto:RexistAtTime :a1 :t1) & (rioOnto:and' :a1 :ep :edp) & (prOnto:DataSubject :w) & (prOnto:PersonalData :z :w)
	 & (prOnto:Controller :y :z) & (prOnto:Processor :x) & (prOnto:nominates' :edp :y :x)
	 & (prOnto:PersonalDataProcessing' :ep :x :z),

	(rioOnto:RexistAtTime :a2 :t2) & (After :t2 :t1) & (rioOnto:and' :a2 :ei :ec1 :ec2 :ec3 :ed) & (prOnto:Measure :em)
	 & (dapreco:Implement' :ei :y :em) & (rioOnto:cause' :ec1 :em :el) & (prOnto:lawfulness' :el :ep)
	 & (rioOnto:cause' :ec2 :em :ef) & (prOnto:fairness' :ef :ep) & (rioOnto:cause' :ec3 :em :et)
	 & (prOnto:transparency' :et :ep) & (dapreco:RelatedTo :ep :w) & (dapreco:Describe' :ed :y :ei)
)
-->
      <ruleml:Rule closure="universal">
        <ruleml:if>
          <ruleml:Exists>
            <ruleml:Var key=":a1">a1</ruleml:Var>
            <ruleml:Var key=":edp">edp</ruleml:Var>
            <ruleml:Var key=":z">z</ruleml:Var>
            <ruleml:Var key=":x">x</ruleml:Var>
            <ruleml:And>
              <ruleml:Atom>
                <ruleml:Rel iri="rioOnto:RexistAtTime" />
                <ruleml:Var keyref=":a1" />
                <ruleml:Var key=":t1">t1</ruleml:Var>
              </ruleml:Atom>
              <ruleml:Atom keyref=":A1">
                <ruleml:Rel iri="rioOnto:and" />
                <ruleml:Var keyref=":a1" />
                <ruleml:Var key=":ep">ep</ruleml:Var>
                <ruleml:Var keyref=":edp" />
              </ruleml:Atom>
              <ruleml:Atom>
                <ruleml:Rel iri="prOnto:DataSubject" />
                <ruleml:Var key=":w">w</ruleml:Var>
              </ruleml:Atom>
              <ruleml:Atom>
                <ruleml:Rel iri="prOnto:PersonalData" />
                <ruleml:Var keyref=":z" />
                <ruleml:Var keyref=":w" />
              </ruleml:Atom>
              <ruleml:Atom>
                <ruleml:Rel iri="prOnto:Controller" />
                <ruleml:Var key=":y">y</ruleml:Var>
                <ruleml:Var keyref=":z" />
              </ruleml:Atom>
              <ruleml:Atom>
                <ruleml:Rel iri="prOnto:Processor" />
                <ruleml:Var keyref=":x" />
              </ruleml:Atom>
              <ruleml:Atom keyref=":A2">
                <ruleml:Rel iri="prOnto:nominates" />
                <ruleml:Var keyref=":edp" />
                <ruleml:Var keyref=":y" />
                <ruleml:Var keyref=":x" />
              </ruleml:Atom>
              <ruleml:Atom keyref=":A3">
                <ruleml:Rel iri="prOnto:PersonalDataProcessing" />
                <ruleml:Var keyref=":ep" />
                <ruleml:Var keyref=":x" />
                <ruleml:Var keyref=":z" />
              </ruleml:Atom>
            </ruleml:And>
          </ruleml:Exists>
        </ruleml:if>
        <ruleml:then>
          <ruleml:Exists>
            <ruleml:Var key=":a2">a2</ruleml:Var>
            <ruleml:Var key=":t2">t2</ruleml:Var>
            <ruleml:Var key=":ei">ei</ruleml:Var>
            <ruleml:Var key=":ec1">ec1</ruleml:Var>
            <ruleml:Var key=":ec2">ec2</ruleml:Var>
            <ruleml:Var key=":ec3">ec3</ruleml:Var>
            <ruleml:Var key=":ed">ed</ruleml:Var>
            <ruleml:Var key=":em">em</ruleml:Var>
            <ruleml:Var key=":el">el</ruleml:Var>
            <ruleml:Var key=":ef">ef</ruleml:Var>
            <ruleml:Var key=":et">et</ruleml:Var>
            <ruleml:And>
              <ruleml:Atom>
                <ruleml:Rel iri="rioOnto:RexistAtTime" />
                <ruleml:Var keyref=":a2" />
                <ruleml:Var keyref=":t2" />
              </ruleml:Atom>
              <ruleml:Atom>
				<ruleml:After>
                  <ruleml:Var keyref=":t2" />
                  <ruleml:Var keyref=":t1" />
				</ruleml:After>
              </ruleml:Atom>
              <ruleml:Atom keyref=":A4">
                <ruleml:Rel iri="rioOnto:and" />
                <ruleml:Var keyref=":a2" />
                <ruleml:Var keyref=":ei" />
                <ruleml:Var keyref=":ec1" />
                <ruleml:Var keyref=":ec2" />
                <ruleml:Var keyref=":ec3" />
                <ruleml:Var keyref=":ed" />
              </ruleml:Atom>
              <ruleml:Atom>
                <ruleml:Rel iri="prOnto:Measure" />
                <ruleml:Var keyref=":em" />
              </ruleml:Atom>
              <ruleml:Atom keyref=":A5">
                <ruleml:Rel iri="dapreco:Implement" />
                <ruleml:Var keyref=":ei" />
                <ruleml:Var keyref=":y" />
                <ruleml:Var keyref=":em" />
              </ruleml:Atom>
              <ruleml:Atom keyref=":A6">
                <ruleml:Rel iri="rioOnto:cause" />
                <ruleml:Var keyref=":ec1" />
                <ruleml:Var keyref=":em" />
                <ruleml:Var keyref=":el" />
              </ruleml:Atom>
              <ruleml:Atom keyref=":A7">
                <ruleml:Rel iri="prOnto:lawfulness" />
                <ruleml:Var keyref=":el" />
                <ruleml:Var keyref=":ep" />
              </ruleml:Atom>
              <ruleml:Atom keyref=":A8">
                <ruleml:Rel iri="rioOnto:cause" />
                <ruleml:Var keyref=":ec2" />
                <ruleml:Var keyref=":em" />
                <ruleml:Var keyref=":ef" />
              </ruleml:Atom>
              <ruleml:Atom keyref=":A9">
                <ruleml:Rel iri="prOnto:fairness" />
                <ruleml:Var keyref=":ef" />
                <ruleml:Var keyref=":ep" />
              </ruleml:Atom>
              <ruleml:Atom keyref=":A10">
                <ruleml:Rel iri="rioOnto:cause" />
                <ruleml:Var keyref=":ec3" />
                <ruleml:Var keyref=":em" />
                <ruleml:Var keyref=":et" />
              </ruleml:Atom>
              <ruleml:Atom keyref=":A11">
                <ruleml:Rel iri="prOnto:transparency" />
                <ruleml:Var keyref=":et" />
                <ruleml:Var keyref=":ep" />
              </ruleml:Atom>
              <ruleml:Atom>
                <ruleml:Rel iri="dapreco:RelatedTo" />
                <ruleml:Var keyref=":ep" />
                <ruleml:Var keyref=":w" />
              </ruleml:Atom>
              <ruleml:Atom keyref=":A12">
                <ruleml:Rel iri="dapreco:Describe" />
                <ruleml:Var keyref=":ed" />
                <ruleml:Var keyref=":y" />
                <ruleml:Var keyref=":ei" />
              </ruleml:Atom>
            </ruleml:And>
          </ruleml:Exists>
        </ruleml:then>
      </ruleml:Rule>
    </lrml:ConstitutiveStatement>
  </lrml:Statements>
  <lrml:Statements key="statements7">
    <lrml:ConstitutiveStatement key="statements7Formula1">
      <!--
Entailment:
(
	(rioOnto:RexistAtTime :a1 :t1) & (rioOnto:and' :a1 :ep :ehc :eau :edp) & (prOnto:DataSubject :w) & (prOnto:PersonalData :z :w)
	 & (prOnto:Controller :y :z) & (prOnto:Processor :x) & (prOnto:nominates' :edp :y :x)
	 & (prOnto:PersonalDataProcessing' :ep :x :z) & (prOnto:Purpose :epu) & (prOnto:isBasedOn :ep :epu)
	 & (prOnto:Consent :c) & (dapreco:GiveConsent' :ehc :w :c) & (dapreco:AuthorizedBy' :eau :epu :c)
	 & (rioOnto:exceptionCha2Art8Par1 :ep),

	(prOnto:lawfulness :ep)
)
-->
      <ruleml:Rule closure="universal">
        <ruleml:if>
          <ruleml:Exists>
            <ruleml:Var key=":a1">a1</ruleml:Var>
            <ruleml:Var key=":t1">t1</ruleml:Var>
            <ruleml:Var key=":ehc">ehc</ruleml:Var>
            <ruleml:Var key=":eau">eau</ruleml:Var>
            <ruleml:Var key=":edp">edp</ruleml:Var>
            <ruleml:Var key=":w">w</ruleml:Var>
            <ruleml:Var key=":z">z</ruleml:Var>
            <ruleml:Var key=":y">y</ruleml:Var>
            <ruleml:Var key=":x">x</ruleml:Var>
            <ruleml:Var key=":epu">epu</ruleml:Var>
            <ruleml:Var key=":c">c</ruleml:Var>
            <ruleml:And>
              <ruleml:Atom>
                <ruleml:Rel iri="rioOnto:RexistAtTime" />
                <ruleml:Var keyref=":a1" />
                <ruleml:Var keyref=":t1" />
              </ruleml:Atom>
              <ruleml:Atom keyref=":A160">
                <ruleml:Rel iri="rioOnto:and" />
                <ruleml:Var keyref=":a1" />
                <ruleml:Var key=":ep">ep</ruleml:Var>
                <ruleml:Var keyref=":ehc" />
                <ruleml:Var keyref=":eau" />
                <ruleml:Var keyref=":edp" />
              </ruleml:Atom>
              <ruleml:Atom>
                <ruleml:Rel iri="prOnto:DataSubject" />
                <ruleml:Var keyref=":w" />
              </ruleml:Atom>
              <ruleml:Atom>
                <ruleml:Rel iri="prOnto:PersonalData" />
                <ruleml:Var keyref=":z" />
                <ruleml:Var keyref=":w" />
              </ruleml:Atom>
              <ruleml:Atom>
                <ruleml:Rel iri="prOnto:Controller" />
                <ruleml:Var keyref=":y" />
                <ruleml:Var keyref=":z" />
              </ruleml:Atom>
              <ruleml:Atom>
                <ruleml:Rel iri="prOnto:Processor" />
                <ruleml:Var keyref=":x" />
              </ruleml:Atom>
              <ruleml:Atom keyref=":A161">
                <ruleml:Rel iri="prOnto:nominates" />
                <ruleml:Var keyref=":edp" />
                <ruleml:Var keyref=":y" />
                <ruleml:Var keyref=":x" />
              </ruleml:Atom>
              <ruleml:Atom keyref=":A162">
                <ruleml:Rel iri="prOnto:PersonalDataProcessing" />
                <ruleml:Var keyref=":ep" />
                <ruleml:Var keyref=":x" />
                <ruleml:Var keyref=":z" />
              </ruleml:Atom>
              <ruleml:Atom>
                <ruleml:Rel iri="prOnto:Purpose" />
                <ruleml:Var keyref=":epu" />
              </ruleml:Atom>
              <ruleml:Atom>
                <ruleml:Rel iri="prOnto:isBasedOn" />
                <ruleml:Var keyref=":ep" />
                <ruleml:Var keyref=":epu" />
              </ruleml:Atom>
              <ruleml:Atom>
                <ruleml:Rel iri="prOnto:Consent" />
                <ruleml:Var keyref=":c" />
              </ruleml:Atom>
              <ruleml:Atom keyref=":A163">
                <ruleml:Rel iri="dapreco:GiveConsent" />
                <ruleml:Var keyref=":ehc" />
                <ruleml:Var keyref=":w" />
                <ruleml:Var keyref=":c" />
              </ruleml:Atom>
              <ruleml:Atom keyref=":A164">
                <ruleml:Rel iri="dapreco:AuthorizedBy" />
                <ruleml:Var keyref=":eau" />
                <ruleml:Var keyref=":epu" />
                <ruleml:Var keyref=":c" />
              </ruleml:Atom>
              <ruleml:Naf>
                <ruleml:Atom>
                  <ruleml:Rel iri="rioOnto:exceptionCha2Art8Par1" />
                  <ruleml:Var keyref=":ep" />
                </ruleml:Atom>
              </ruleml:Naf>
            </ruleml:And>
          </ruleml:Exists>
        </ruleml:if>
        <ruleml:then>
          <ruleml:And>
            <ruleml:Atom>
              <ruleml:Rel iri="prOnto:lawfulness" />
              <ruleml:Var keyref=":ep" />
            </ruleml:Atom>
          </ruleml:And>
        </ruleml:then>
      </ruleml:Rule>
    </lrml:ConstitutiveStatement>
  </lrml:Statements>
  <lrml:Statements key="statements17">
    <lrml:ConstitutiveStatement key="statements17Formula1">
      <!--
Entailment:
(
	(rioOnto:exceptionMinAgeForConsent :ep) & (prOnto:PersonalDataProcessing' :ep :x :z) & (prOnto:Processor :x) 
	 & (prOnto:PersonalData :z :w) & (prOnto:DataSubject :w),

	(swrlb:equal dapreco:minAgeForConsent(:ep) 16)
)
-->
      <ruleml:Rule closure="universal">
        <ruleml:if>
          <ruleml:Exists>
            <ruleml:Var key=":x">x</ruleml:Var>
            <ruleml:Var key=":z">z</ruleml:Var>
            <ruleml:Var key=":w">w</ruleml:Var>
			<ruleml:Naf>
              <ruleml:Atom>
                <ruleml:Rel iri="rioOnto:exceptionMinAgeForConsent" />
                <ruleml:Var key=":ep">ep</ruleml:Var>
              </ruleml:Atom>
            </ruleml:Naf>
			<ruleml:Atom keyref=":A3">
			  <ruleml:Rel iri="prOnto:PersonalDataProcessing" />
			  <ruleml:Var keyref=":ep" />
			  <ruleml:Var keyref=":x" />
			  <ruleml:Var keyref=":z" />
			</ruleml:Atom>
			<ruleml:Atom>
			  <ruleml:Rel iri="prOnto:DataSubject" />
			  <ruleml:Var keyref=":w" />
			</ruleml:Atom>
			<ruleml:Atom>
			  <ruleml:Rel iri="prOnto:PersonalData" />
			  <ruleml:Var keyref=":z" />
			  <ruleml:Var keyref=":w" />
			</ruleml:Atom>
			<ruleml:Atom>
			  <ruleml:Rel iri="prOnto:Processor" />
			  <ruleml:Var keyref=":x" />
			</ruleml:Atom>
          </ruleml:Exists>
        </ruleml:if>
        <ruleml:then>
          <ruleml:Atom>
            <ruleml:Rel iri="swrlb:equal"/>
            <ruleml:Expr>
              <ruleml:Fun iri="dapreco:minAgeForConsent" />
              <ruleml:Var keyref=":ep" />
            </ruleml:Expr>
            <ruleml:Ind>16</ruleml:Ind>
          </ruleml:Atom>
        </ruleml:then>
      </ruleml:Rule>
    </lrml:ConstitutiveStatement>
    <lrml:ConstitutiveStatement key="statements17Formula2">
      <!--
Entailment:
(
	(rioOnto:RexistAtTime :a1 :t1) & (rioOnto:and' :a1 :ep :edp) & (prOnto:DataSubject :w) & (prOnto:PersonalData :z :w)
	 & (prOnto:Controller :y :z) & (prOnto:Processor :x) & (prOnto:nominates' :edp :y :x)
	 & (prOnto:PersonalDataProcessing' :ep :x :z) & (swrlb:lessThanOrEqual dapreco:ageOf(:w) dapreco:minAgeForConsent(:ep)),

	(rioOnto:exceptionCha2Art8Par1 :ep)
)
-->
      <ruleml:Rule closure="universal">
        <ruleml:if>
          <ruleml:Exists>
            <ruleml:Var key=":a1">a1</ruleml:Var>
            <ruleml:Var key=":t1">t1</ruleml:Var>
            <ruleml:Var key=":edp">edp</ruleml:Var>
            <ruleml:Var key=":w">w</ruleml:Var>
            <ruleml:Var key=":z">z</ruleml:Var>
            <ruleml:Var key=":y">y</ruleml:Var>
            <ruleml:Var key=":x">x</ruleml:Var>
            <ruleml:And>
              <ruleml:Atom>
                <ruleml:Rel iri="rioOnto:RexistAtTime" />
                <ruleml:Var keyref=":a1" />
                <ruleml:Var keyref=":t1" />
              </ruleml:Atom>
              <ruleml:Atom keyref=":A318">
                <ruleml:Rel iri="rioOnto:and" />
                <ruleml:Var keyref=":a1" />
                <ruleml:Var key=":ep">ep</ruleml:Var>
                <ruleml:Var keyref=":edp" />
              </ruleml:Atom>
              <ruleml:Atom>
                <ruleml:Rel iri="prOnto:DataSubject" />
                <ruleml:Var keyref=":w" />
              </ruleml:Atom>
              <ruleml:Atom>
                <ruleml:Rel iri="prOnto:PersonalData" />
                <ruleml:Var keyref=":z" />
                <ruleml:Var keyref=":w" />
              </ruleml:Atom>
              <ruleml:Atom>
                <ruleml:Rel iri="prOnto:Controller" />
                <ruleml:Var keyref=":y" />
                <ruleml:Var keyref=":z" />
              </ruleml:Atom>
              <ruleml:Atom>
                <ruleml:Rel iri="prOnto:Processor" />
                <ruleml:Var keyref=":x" />
              </ruleml:Atom>
              <ruleml:Atom keyref=":A319">
                <ruleml:Rel iri="prOnto:nominates" />
                <ruleml:Var keyref=":edp" />
                <ruleml:Var keyref=":y" />
                <ruleml:Var keyref=":x" />
              </ruleml:Atom>
              <ruleml:Atom keyref=":A320">
                <ruleml:Rel iri="prOnto:PersonalDataProcessing" />
                <ruleml:Var keyref=":ep" />
                <ruleml:Var keyref=":x" />
                <ruleml:Var keyref=":z" />
              </ruleml:Atom>
              <ruleml:Atom>
                <ruleml:Rel iri="swrlb:lessThanOrEqual" />
                <ruleml:Expr>
                  <ruleml:Fun iri="dapreco:ageOf" />
                  <ruleml:Var keyref=":w" />
                </ruleml:Expr>
                <ruleml:Expr>
                  <ruleml:Fun iri="dapreco:minAgeForConsent" />
                  <ruleml:Var keyref=":ep" />
                </ruleml:Expr>
              </ruleml:Atom>
            </ruleml:And>
          </ruleml:Exists>
        </ruleml:if>
        <ruleml:then>
          <ruleml:Atom>
            <ruleml:Rel iri="rioOnto:exceptionCha2Art8Par1" />
            <ruleml:Var keyref=":ep" />
          </ruleml:Atom>
        </ruleml:then>
      </ruleml:Rule>
    </lrml:ConstitutiveStatement>
    <lrml:ConstitutiveStatement key="statements17Formula3">
      <!--
Entailment:
(
	(rioOnto:RexistAtTime :a1 :t1) & (rioOnto:and' :a1 :ep :ehc :eau :edp) & (prOnto:DataSubject :w) & (prOnto:PersonalData :z :w)
	 & (prOnto:Controller :y :z) & (prOnto:Processor :x) & (prOnto:nominates' :edp :y :x)
	 & (prOnto:PersonalDataProcessing' :ep :x :z) & (prOnto:Purpose :epu) & (prOnto:isBasedOn :ep :epu)
	 & (prOnto:Consent :c) & (swrlb:lessThanOrEqual dapreco:ageOf(:w) dapreco:minAgeForConsent(:c)) 
	 & (dapreco:GiveConsent' :ehc dapreco:HolderOfPR(:w) :c) & (dapreco:AuthorizedBy' :eau :epu :c),

	(prOnto:lawfulness :ep)
)
-->
      <ruleml:Rule closure="universal">
        <ruleml:if>
          <ruleml:Exists>
            <ruleml:Var key=":a1">a1</ruleml:Var>
            <ruleml:Var key=":t1">t1</ruleml:Var>
            <ruleml:Var key=":ehc">ehc</ruleml:Var>
            <ruleml:Var key=":eau">eau</ruleml:Var>
            <ruleml:Var key=":edp">edp</ruleml:Var>
            <ruleml:Var key=":w">w</ruleml:Var>
            <ruleml:Var key=":z">z</ruleml:Var>
            <ruleml:Var key=":y">y</ruleml:Var>
            <ruleml:Var key=":x">x</ruleml:Var>
            <ruleml:Var key=":epu">epu</ruleml:Var>
            <ruleml:Var key=":c">c</ruleml:Var>
            <ruleml:And>
              <ruleml:Atom>
                <ruleml:Rel iri="rioOnto:RexistAtTime" />
                <ruleml:Var keyref=":a1" />
                <ruleml:Var keyref=":t1" />
              </ruleml:Atom>
              <ruleml:Atom keyref=":A321">
                <ruleml:Rel iri="rioOnto:and" />
                <ruleml:Var keyref=":a1" />
                <ruleml:Var key=":ep">ep</ruleml:Var>
                <ruleml:Var keyref=":ehc" />
                <ruleml:Var keyref=":eau" />
                <ruleml:Var keyref=":edp" />
              </ruleml:Atom>
              <ruleml:Atom>
                <ruleml:Rel iri="prOnto:DataSubject" />
                <ruleml:Var keyref=":w" />
              </ruleml:Atom>
              <ruleml:Atom>
                <ruleml:Rel iri="prOnto:PersonalData" />
                <ruleml:Var keyref=":z" />
                <ruleml:Var keyref=":w" />
              </ruleml:Atom>
              <ruleml:Atom>
                <ruleml:Rel iri="prOnto:Controller" />
                <ruleml:Var keyref=":y" />
                <ruleml:Var keyref=":z" />
              </ruleml:Atom>
              <ruleml:Atom>
                <ruleml:Rel iri="prOnto:Processor" />
                <ruleml:Var keyref=":x" />
              </ruleml:Atom>
              <ruleml:Atom keyref=":A322">
                <ruleml:Rel iri="prOnto:nominates" />
                <ruleml:Var keyref=":edp" />
                <ruleml:Var keyref=":y" />
                <ruleml:Var keyref=":x" />
              </ruleml:Atom>
              <ruleml:Atom keyref=":A323">
                <ruleml:Rel iri="prOnto:PersonalDataProcessing" />
                <ruleml:Var keyref=":ep" />
                <ruleml:Var keyref=":x" />
                <ruleml:Var keyref=":z" />
              </ruleml:Atom>
              <ruleml:Atom>
                <ruleml:Rel iri="prOnto:Purpose" />
                <ruleml:Var keyref=":epu" />
              </ruleml:Atom>
              <ruleml:Atom>
                <ruleml:Rel iri="prOnto:isBasedOn" />
                <ruleml:Var keyref=":ep" />
                <ruleml:Var keyref=":epu" />
              </ruleml:Atom>
              <ruleml:Atom>
                <ruleml:Rel iri="prOnto:Consent" />
                <ruleml:Var keyref=":c" />
              </ruleml:Atom>
              <ruleml:Atom>
                <ruleml:Rel iri="swrlb:lessThanOrEqual" />
                <ruleml:Expr>
                  <ruleml:Fun iri="dapreco:ageOf" />
                  <ruleml:Var keyref=":w" />
                </ruleml:Expr>
                <ruleml:Expr>
                  <ruleml:Fun iri="dapreco:minAgeForConsent" />
                  <ruleml:Var keyref=":c" />
                </ruleml:Expr>
              </ruleml:Atom>
              <ruleml:Atom keyref=":A324">
                <ruleml:Rel iri="dapreco:GiveConsent" />
                <ruleml:Var keyref=":ehc" />
                <ruleml:Expr>
                  <ruleml:Fun iri="dapreco:HolderOfPR" />
                  <ruleml:Var keyref=":w" />
                </ruleml:Expr>
                <ruleml:Var keyref=":c" />
              </ruleml:Atom>
              <ruleml:Atom keyref=":A325">
                <ruleml:Rel iri="dapreco:AuthorizedBy" />
                <ruleml:Var keyref=":eau" />
                <ruleml:Var keyref=":epu" />
                <ruleml:Var keyref=":c" />
              </ruleml:Atom>
            </ruleml:And>
          </ruleml:Exists>
        </ruleml:if>
        <ruleml:then>
          <ruleml:Atom>
            <ruleml:Rel iri="prOnto:lawfulness" />
            <ruleml:Var keyref=":ep" />
          </ruleml:Atom>
        </ruleml:then>
      </ruleml:Rule>
    </lrml:ConstitutiveStatement>
  </lrml:Statements>
  <!-- 
  The rules below are constitutive rules to connect the predicates dapreco:Implement, dapreco:Describe, dapreco:GiveConsent, dapreco:AuthorizedBy, and 
  dapreco:RelatedTo to the predicates in the PrOnto ontology. On the other hand, dapreco:minAgeForConsent, dapreco:ageOf, and dapreco:HolderOfPR are
  first-order functions defined within the DAPRECO knowledge base only. dapreco:Implement, dapreco:Describe, dapreco:GiveConsent, dapreco:AuthorizedBy
  are subclasses of prOnto:Action while dapreco:RelatedTo is subclass of allot:Event.
  -->
  <lrml:Statements key="statements276">
    <lrml:ConstitutiveStatement key="statements276Formula7">
      <!--
Entailment:
(
	(dapreco:Implement' :e :a :b),

	(prOnto:Action :e)
)
-->
      <ruleml:Rule closure="universal">
        <ruleml:if>
          <ruleml:Exists>
            <ruleml:Var key=":a">a</ruleml:Var>
            <ruleml:Var key=":b">b</ruleml:Var>
            <ruleml:And>
              <ruleml:Atom keyref=":A7337">
                <ruleml:Rel iri="dapreco:Implement" />
                <ruleml:Var key=":e">e</ruleml:Var>
                <ruleml:Var keyref=":a" />
                <ruleml:Var keyref=":b" />
              </ruleml:Atom>
            </ruleml:And>
          </ruleml:Exists>
        </ruleml:if>
        <ruleml:then>
          <ruleml:Atom>
            <ruleml:Rel iri="prOnto:Action" />
            <ruleml:Var keyref=":e" />
          </ruleml:Atom>
        </ruleml:then>
      </ruleml:Rule>
    </lrml:ConstitutiveStatement>
    <lrml:ConstitutiveStatement key="statements276Formula14">
      <!--
Entailment:
(
	(dapreco:AuthorizedBy' :e :a :b),

	(prOnto:Action :e)
)
-->
      <ruleml:Rule closure="universal">
        <ruleml:if>
          <ruleml:Exists>
            <ruleml:Var key=":a">a</ruleml:Var>
            <ruleml:Var key=":b">b</ruleml:Var>
            <ruleml:And>
              <ruleml:Atom keyref=":A7343">
                <ruleml:Rel iri="dapreco:AuthorizedBy" />
                <ruleml:Var key=":e">e</ruleml:Var>
                <ruleml:Var keyref=":a" />
                <ruleml:Var keyref=":b" />
              </ruleml:Atom>
            </ruleml:And>
          </ruleml:Exists>
        </ruleml:if>
        <ruleml:then>
          <ruleml:Atom>
            <ruleml:Rel iri="prOnto:Action" />
            <ruleml:Var keyref=":e" />
          </ruleml:Atom>
        </ruleml:then>
      </ruleml:Rule>
    </lrml:ConstitutiveStatement>
    <lrml:ConstitutiveStatement key="statements276Formula40">
      <!--
Entailment:
(
	(dapreco:Describe' :e :a :b),

	(prOnto:Action :e)
)
-->
      <ruleml:Rule closure="universal">
        <ruleml:if>
          <ruleml:Exists>
            <ruleml:Var key=":a">a</ruleml:Var>
            <ruleml:Var key=":b">b</ruleml:Var>
            <ruleml:And>
              <ruleml:Atom keyref=":A7375">
                <ruleml:Rel iri="dapreco:Describe" />
                <ruleml:Var key=":e">e</ruleml:Var>
                <ruleml:Var keyref=":a" />
                <ruleml:Var keyref=":b" />
              </ruleml:Atom>
            </ruleml:And>
          </ruleml:Exists>
        </ruleml:if>
        <ruleml:then>
          <ruleml:Atom>
            <ruleml:Rel iri="prOnto:Action" />
            <ruleml:Var keyref=":e" />
          </ruleml:Atom>
        </ruleml:then>
      </ruleml:Rule>
    </lrml:ConstitutiveStatement>
    <lrml:ConstitutiveStatement key="statements276Formula108">
      <!--
Entailment:
(
	(dapreco:RelatedTo :e :a :b),

	(allot:Event :e)
)
-->
      <ruleml:Rule closure="universal">
        <ruleml:if>
          <ruleml:Exists>
            <ruleml:Var key=":a">a</ruleml:Var>
            <ruleml:Var key=":b">b</ruleml:Var>
            <ruleml:And>
              <ruleml:Atom>
                <ruleml:Rel iri="dapreco:RelatedTo" />
                <ruleml:Var key=":e">e</ruleml:Var>
                <ruleml:Var keyref=":a" />
                <ruleml:Var keyref=":b" />
              </ruleml:Atom>
            </ruleml:And>
          </ruleml:Exists>
        </ruleml:if>
        <ruleml:then>
          <ruleml:Atom>
            <ruleml:Rel iri="allot:Event" />
            <ruleml:Var keyref=":e" />
          </ruleml:Atom>
        </ruleml:then>
      </ruleml:Rule>
    </lrml:ConstitutiveStatement>
    <lrml:ConstitutiveStatement key="statements276Formula117">
      <!--
Entailment:
(
	(dapreco:GiveConsent' :e :a :b),

	(prOnto:Action :e)
)
-->
      <ruleml:Rule closure="universal">
        <ruleml:if>
          <ruleml:Exists>
            <ruleml:Var key=":a">a</ruleml:Var>
            <ruleml:Var key=":b">b</ruleml:Var>
            <ruleml:And>
              <ruleml:Atom keyref=":A7449">
                <ruleml:Rel iri="dapreco:GiveConsent" />
                <ruleml:Var key=":e">e</ruleml:Var>
                <ruleml:Var keyref=":a" />
                <ruleml:Var keyref=":b" />
              </ruleml:Atom>
            </ruleml:And>
          </ruleml:Exists>
        </ruleml:if>
        <ruleml:then>
          <ruleml:Atom>
            <ruleml:Rel iri="prOnto:Action" />
            <ruleml:Var keyref=":e" />
          </ruleml:Atom>
        </ruleml:then>
      </ruleml:Rule>
    </lrml:ConstitutiveStatement>
  </lrml:Statements>
</lrml:LegalRuleML>

